instance_id,n,p,replicate,qubit,c_i,theta_i
ER_n006_p010_r00,6,0.1,0,0,0.999999,3.13959265325652
ER_n006_p010_r00,6,0.1,0,1,0.999999,3.13959265325652
ER_n006_p010_r00,6,0.1,0,2,1e-06,0.0020000003333334833
ER_n006_p010_r00,6,0.1,0,3,1e-06,0.0020000003333334833
ER_n006_p010_r00,6,0.1,0,4,1e-06,0.0020000003333334833
ER_n006_p010_r00,6,0.1,0,5,1e-06,0.0020000003333334833
ER_n006_p010_r01,6,0.1,1,0,1.45746061652661e-06,0.0024145072578818033
ER_n006_p010_r01,6,0.1,1,1,1.4574606162174472e-06,0.0024145072576257157
ER_n006_p010_r01,6,0.1,1,2,0.999999,3.13959265325652
ER_n006_p010_r01,6,0.1,1,3,0.5000010487741154,1.5707984243431274
ER_n006_p010_r01,6,0.1,1,4,1.4574606157927083e-06,0.002414507257273893
ER_n006_p010_r01,6,0.1,1,5,0.5000010487741112,1.570798424343119
ER_n006_p010_r02,6,0.1,2,0,1e-06,0.0020000003333334833
ER_n006_p010_r02,6,0.1,2,1,0.33333374572949137,1.2309602921649991
ER_n006_p010_r02,6,0.1,2,2,0.33333374572997865,1.2309602921660328
ER_n006_p010_r02,6,0.1,2,3,0.999999,3.13959265325652
ER_n006_p010_r02,6,0.1,2,4,1e-06,0.0020000003333334833
ER_n006_p010_r02,6,0.1,2,5,0.33333374572933644,1.2309602921646703
ER_n006_p010_r03,6,0.1,3,0,1.4574606118969456e-06,0.002414507254046927
ER_n006_p010_r03,6,0.1,3,1,0.999999,3.13959265325652
ER_n006_p010_r03,6,0.1,3,2,1.4574606114539827e-06,0.0024145072536800086
ER_n006_p010_r03,6,0.1,3,3,1.4574606099233722e-06,0.002414507252412162
ER_n006_p010_r03,6,0.1,3,4,0.5000010487742008,1.5707984243432984
ER_n006_p010_r03,6,0.1,3,5,0.5000010487740398,1.5707984243429762
ER_n006_p010_r04,6,0.1,4,0,0.27223247617518676,1.097823175008962
ER_n006_p010_r04,6,0.1,4,1,1e-06,0.0020000003333334833
ER_n006_p010_r04,6,0.1,4,2,0.7277674884541858,2.0437693991157277
ER_n006_p010_r04,6,0.1,4,3,0.27223247617674373,1.0978231750124603
ER_n006_p010_r04,6,0.1,4,4,1e-06,0.0020000003333334833
ER_n006_p010_r04,6,0.1,4,5,0.7277674884526288,2.0437693991122297
ER_n006_p010_r05,6,0.1,5,0,0.16666673387439673,0.8410688509051794
ER_n006_p010_r05,6,0.1,5,1,0.16666673387439218,0.8410688509051671
ER_n006_p010_r05,6,0.1,5,2,0.1666667338745066,0.8410688509054741
ER_n006_p010_r05,6,0.1,5,3,0.16666673387438993,0.8410688509051611
ER_n006_p010_r05,6,0.1,5,4,0.166666733874512,0.8410688509054887
ER_n006_p010_r05,6,0.1,5,5,0.16666673387441336,0.841068850905224
ER_n006_p010_r06,6,0.1,6,0,0.16666673387439673,0.8410688509051794
ER_n006_p010_r06,6,0.1,6,1,0.16666673387439218,0.8410688509051671
ER_n006_p010_r06,6,0.1,6,2,0.1666667338745066,0.8410688509054741
ER_n006_p010_r06,6,0.1,6,3,0.16666673387438993,0.8410688509051611
ER_n006_p010_r06,6,0.1,6,4,0.166666733874512,0.8410688509054887
ER_n006_p010_r06,6,0.1,6,5,0.16666673387441336,0.841068850905224
ER_n006_p010_r07,6,0.1,7,0,0.5000010487740937,1.570798424343084
ER_n006_p010_r07,6,0.1,7,1,0.999999,3.13959265325652
ER_n006_p010_r07,6,0.1,7,2,1.4574606563542214e-06,0.0024145072908720957
ER_n006_p010_r07,6,0.1,7,3,1.4574606572533178e-06,0.0024145072916168415
ER_n006_p010_r07,6,0.1,7,4,0.5000010487741434,1.5707984243431834
ER_n006_p010_r07,6,0.1,7,5,1.4574606564561262e-06,0.002414507290956506
ER_n006_p010_r08,6,0.1,8,0,1e-06,0.0020000003333334833
ER_n006_p010_r08,6,0.1,8,1,1e-06,0.0020000003333334833
ER_n006_p010_r08,6,0.1,8,2,1e-06,0.0020000003333334833
ER_n006_p010_r08,6,0.1,8,3,1e-06,0.0020000003333334833
ER_n006_p010_r08,6,0.1,8,4,0.999999,3.13959265325652
ER_n006_p010_r08,6,0.1,8,5,0.999999,3.13959265325652
ER_n006_p010_r09,6,0.1,9,0,0.16666673387439673,0.8410688509051794
ER_n006_p010_r09,6,0.1,9,1,0.16666673387439218,0.8410688509051671
ER_n006_p010_r09,6,0.1,9,2,0.1666667338745066,0.8410688509054741
ER_n006_p010_r09,6,0.1,9,3,0.16666673387438993,0.8410688509051611
ER_n006_p010_r09,6,0.1,9,4,0.166666733874512,0.8410688509054887
ER_n006_p010_r09,6,0.1,9,5,0.16666673387441336,0.841068850905224
ER_n006_p030_r00,6,0.3,0,0,0.999999,3.13959265325652
ER_n006_p030_r00,6,0.3,0,1,1e-06,0.0020000003333334833
ER_n006_p030_r00,6,0.3,0,2,0.999999,3.13959265325652
ER_n006_p030_r00,6,0.3,0,3,1e-06,0.0020000003333334833
ER_n006_p030_r00,6,0.3,0,4,1e-06,0.0020000003333334833
ER_n006_p030_r00,6,0.3,0,5,0.999999,3.13959265325652
ER_n006_p030_r01,6,0.3,1,0,0.7367827179052292,2.0641308615272917
ER_n006_p030_r01,6,0.3,1,1,0.3112553943823587,1.1837129277696532
ER_n006_p030_r01,6,0.3,1,2,0.3774903134438482,1.3232566521052718
ER_n006_p030_r01,6,0.3,1,3,1e-06,0.0020000003333334833
ER_n006_p030_r01,6,0.3,1,4,0.26321736632454334,1.0774619833289045
ER_n006_p030_r01,6,0.3,1,5,0.31125539438240757,1.1837129277697587
ER_n006_p030_r02,6,0.3,2,0,1e-06,0.0020000003333334833
ER_n006_p030_r02,6,0.3,2,1,0.999999,3.13959265325652
ER_n006_p030_r02,6,0.3,2,2,1e-06,0.0020000003333334833
ER_n006_p030_r02,6,0.3,2,3,1e-06,0.0020000003333334833
ER_n006_p030_r02,6,0.3,2,4,1e-06,0.0020000003333334833
ER_n006_p030_r02,6,0.3,2,5,0.999999,3.13959265325652
ER_n006_p030_r03,6,0.3,3,0,1e-06,0.0020000003333334833
ER_n006_p030_r03,6,0.3,3,1,0.999999,3.13959265325652
ER_n006_p030_r03,6,0.3,3,2,0.3333337457290926,1.2309602921641531
ER_n006_p030_r03,6,0.3,3,3,1e-06,0.0020000003333334833
ER_n006_p030_r03,6,0.3,3,4,0.33333374572995994,1.2309602921659932
ER_n006_p030_r03,6,0.3,3,5,0.33333374572967694,1.2309602921653926
ER_n006_p030_r04,6,0.3,4,0,1e-06,0.0020000003333334833
ER_n006_p030_r04,6,0.3,4,1,0.999999,3.13959265325652
ER_n006_p030_r04,6,0.3,4,2,1e-06,0.0020000003333334833
ER_n006_p030_r04,6,0.3,4,3,1e-06,0.0020000003333334833
ER_n006_p030_r04,6,0.3,4,4,0.999999,3.13959265325652
ER_n006_p030_r04,6,0.3,4,5,0.999999,3.13959265325652
ER_n006_p030_r05,6,0.3,5,0,0.34612842552444617,1.257976170853586
ER_n006_p030_r05,6,0.3,5,1,0.499999925902634,1.5707961786001645
ER_n006_p030_r05,6,0.3,5,2,0.34612842552453155,1.2579761708537656
ER_n006_p030_r05,6,0.3,5,3,1e-06,0.0020000003333334833
ER_n006_p030_r05,6,0.3,5,4,0.4999999259027877,1.570796178600472
ER_n006_p030_r05,6,0.3,5,5,0.3077453281374961,1.176120081977413
ER_n006_p030_r06,6,0.3,6,0,0.4999999259028919,1.5707961786006805
ER_n006_p030_r06,6,0.3,6,1,0.34612842552400824,1.2579761708526656
ER_n006_p030_r06,6,0.3,6,2,0.3461284255242468,1.257976170853167
ER_n006_p030_r06,6,0.3,6,3,0.4999999259025344,1.5707961785999656
ER_n006_p030_r06,6,0.3,6,4,0.30774532813804223,1.1761200819785962
ER_n006_p030_r06,6,0.3,6,5,1e-06,0.0020000003333334833
ER_n006_p030_r07,6,0.3,7,0,0.999999,3.13959265325652
ER_n006_p030_r07,6,0.3,7,1,0.999999,3.13959265325652
ER_n006_p030_r07,6,0.3,7,2,0.999999,3.13959265325652
ER_n006_p030_r07,6,0.3,7,3,1e-06,0.0020000003333334833
ER_n006_p030_r07,6,0.3,7,4,1e-06,0.0020000003333334833
ER_n006_p030_r07,6,0.3,7,5,1e-06,0.0020000003333334833
ER_n006_p030_r08,6,0.3,8,0,0.2499997438731173,1.047196959696798
ER_n006_p030_r08,6,0.3,8,1,0.4999998622076369,1.5707960512101706
ER_n006_p030_r08,6,0.3,8,2,0.24999974387333201,1.0471969596972939
ER_n006_p030_r08,6,0.3,8,3,0.2499997438731664,1.0471969596969115
ER_n006_p030_r08,6,0.3,8,4,0.49999986220738246,1.5707960512096615
ER_n006_p030_r08,6,0.3,8,5,0.24999974387312213,1.0471969596968091
ER_n006_p030_r09,6,0.3,9,0,0.4999999943869852,1.570796315568867
ER_n006_p030_r09,6,0.3,9,1,0.49999999438698534,1.5707963155688673
ER_n006_p030_r09,6,0.3,9,2,0.4999999943877741,1.570796315570445
ER_n006_p030_r09,6,0.3,9,3,0.4999999943877734,1.5707963155704434
ER_n006_p030_r09,6,0.3,9,4,1e-06,0.0020000003333334833
ER_n006_p030_r09,6,0.3,9,5,1e-06,0.0020000003333334833
ER_n006_p050_r00,6,0.5,0,0,0.7336489154531072,2.057028220480028
ER_n006_p050_r00,6,0.5,0,1,0.29549689670532836,1.1494315817033804
ER_n006_p050_r00,6,0.5,0,2,0.26635083763269735,1.0845638745434418
ER_n006_p050_r00,6,0.5,0,3,0.7336489154531076,2.0570282204800288
ER_n006_p050_r00,6,0.5,0,4,0.7045030599218518,1.992160976825992
ER_n006_p050_r00,6,0.5,0,5,0.26635123210604406,1.0845647669162244
ER_n006_p050_r01,6,0.5,1,0,0.5033583429672516,1.5775130632330412
ER_n006_p050_r01,6,0.5,1,1,0.4966407870498625,1.5640778503517205
ER_n006_p050_r01,6,0.5,1,2,0.5033583429672512,1.5775130632330405
ER_n006_p050_r01,6,0.5,1,3,0.4966414805444015,1.5640792373720955
ER_n006_p050_r01,6,0.5,1,4,0.999999,3.13959265325652
ER_n006_p050_r01,6,0.5,1,5,1e-06,0.0020000003333334833
ER_n006_p050_r02,6,0.5,2,0,0.999999,3.13959265325652
ER_n006_p050_r02,6,0.5,2,1,1e-06,0.0020000003333334833
ER_n006_p050_r02,6,0.5,2,2,1e-06,0.0020000003333334833
ER_n006_p050_r02,6,0.5,2,3,0.999999,3.13959265325652
ER_n006_p050_r02,6,0.5,2,4,0.999999,3.13959265325652
ER_n006_p050_r02,6,0.5,2,5,1e-06,0.0020000003333334833
ER_n006_p050_r03,6,0.5,3,0,0.999999,3.13959265325652
ER_n006_p050_r03,6,0.5,3,1,0.5000001642259532,1.570796655246803
ER_n006_p050_r03,6,0.5,3,2,1e-06,0.0020000003333334833
ER_n006_p050_r03,6,0.5,3,3,1e-06,0.0020000003333334833
ER_n006_p050_r03,6,0.5,3,4,0.500000164225973,1.5707966552468426
ER_n006_p050_r03,6,0.5,3,5,0.999999,3.13959265325652
ER_n006_p050_r04,6,0.5,4,0,1e-06,0.0020000003333334833
ER_n006_p050_r04,6,0.5,4,1,1e-06,0.0020000003333334833
ER_n006_p050_r04,6,0.5,4,2,0.999999,3.13959265325652
ER_n006_p050_r04,6,0.5,4,3,0.999999,3.13959265325652
ER_n006_p050_r04,6,0.5,4,4,0.999999,3.13959265325652
ER_n006_p050_r04,6,0.5,4,5,1e-06,0.0020000003333334833
ER_n006_p050_r05,6,0.5,5,0,1e-06,0.0020000003333334833
ER_n006_p050_r05,6,0.5,5,1,0.999999,3.13959265325652
ER_n006_p050_r05,6,0.5,5,2,0.999999,3.13959265325652
ER_n006_p050_r05,6,0.5,5,3,1e-06,0.0020000003333334833
ER_n006_p050_r05,6,0.5,5,4,1e-06,0.0020000003333334833
ER_n006_p050_r05,6,0.5,5,5,0.999999,3.13959265325652
ER_n006_p050_r06,6,0.5,6,0,0.999999,3.13959265325652
ER_n006_p050_r06,6,0.5,6,1,1e-06,0.0020000003333334833
ER_n006_p050_r06,6,0.5,6,2,1e-06,0.0020000003333334833
ER_n006_p050_r06,6,0.5,6,3,0.999999,3.13959265325652
ER_n006_p050_r06,6,0.5,6,4,1e-06,0.0020000003333334833
ER_n006_p050_r06,6,0.5,6,5,0.999999,3.13959265325652
ER_n006_p050_r07,6,0.5,7,0,0.999999,3.13959265325652
ER_n006_p050_r07,6,0.5,7,1,1e-06,0.0020000003333334833
ER_n006_p050_r07,6,0.5,7,2,1e-06,0.0020000003333334833
ER_n006_p050_r07,6,0.5,7,3,0.999999,3.13959265325652
ER_n006_p050_r07,6,0.5,7,4,0.999999,3.13959265325652
ER_n006_p050_r07,6,0.5,7,5,0.999999,3.13959265325652
ER_n006_p050_r08,6,0.5,8,0,0.999999,3.13959265325652
ER_n006_p050_r08,6,0.5,8,1,1e-06,0.0020000003333334833
ER_n006_p050_r08,6,0.5,8,2,0.999999,3.13959265325652
ER_n006_p050_r08,6,0.5,8,3,1e-06,0.0020000003333334833
ER_n006_p050_r08,6,0.5,8,4,0.999999,3.13959265325652
ER_n006_p050_r08,6,0.5,8,5,1e-06,0.0020000003333334833
ER_n006_p050_r09,6,0.5,9,0,0.999999,3.13959265325652
ER_n006_p050_r09,6,0.5,9,1,1e-06,0.0020000003333334833
ER_n006_p050_r09,6,0.5,9,2,1e-06,0.0020000003333334833
ER_n006_p050_r09,6,0.5,9,3,0.999999,3.13959265325652
ER_n006_p050_r09,6,0.5,9,4,0.45177275033691455,1.4741916375720188
ER_n006_p050_r09,6,0.5,9,5,0.548229267247622,1.6674050700901792
ER_n006_p070_r00,6,0.7,0,0,0.999999,3.13959265325652
ER_n006_p070_r00,6,0.7,0,1,0.999999,3.13959265325652
ER_n006_p070_r00,6,0.7,0,2,0.999999,3.13959265325652
ER_n006_p070_r00,6,0.7,0,3,1e-06,0.0020000003333334833
ER_n006_p070_r00,6,0.7,0,4,0.999999,3.13959265325652
ER_n006_p070_r00,6,0.7,0,5,1e-06,0.0020000003333334833
ER_n006_p070_r01,6,0.7,1,0,0.37201907717242116,1.3119537625218047
ER_n006_p070_r01,6,0.7,1,1,0.37201907717270644,1.3119537625223952
ER_n006_p070_r01,6,0.7,1,2,0.3139902007796347,1.189612488022388
ER_n006_p070_r01,6,0.7,1,3,0.31399020078015755,1.1896124880235144
ER_n006_p070_r01,6,0.7,1,4,0.313990200780069,1.1896124880233234
ER_n006_p070_r01,6,0.7,1,5,0.31399020078001066,1.1896124880231977
ER_n006_p070_r02,6,0.7,2,0,0.5000019855120701,1.5708002978190367
ER_n006_p070_r02,6,0.7,2,1,0.999999,3.13959265325652
ER_n006_p070_r02,6,0.7,2,2,0.999999,3.13959265325652
ER_n006_p070_r02,6,0.7,2,3,0.999999,3.13959265325652
ER_n006_p070_r02,6,0.7,2,4,0.500001985512105,1.5708002978191065
ER_n006_p070_r02,6,0.7,2,5,1e-06,0.0020000003333334833
ER_n006_p070_r03,6,0.7,3,0,0.999999,3.13959265325652
ER_n006_p070_r03,6,0.7,3,1,1e-06,0.0020000003333334833
ER_n006_p070_r03,6,0.7,3,2,0.999999,3.13959265325652
ER_n006_p070_r03,6,0.7,3,3,1e-06,0.0020000003333334833
ER_n006_p070_r03,6,0.7,3,4,0.999999,3.13959265325652
ER_n006_p070_r03,6,0.7,3,5,1e-06,0.0020000003333334833
ER_n006_p070_r04,6,0.7,4,0,0.999999,3.13959265325652
ER_n006_p070_r04,6,0.7,4,1,0.999999,3.13959265325652
ER_n006_p070_r04,6,0.7,4,2,0.999999,3.13959265325652
ER_n006_p070_r04,6,0.7,4,3,0.999999,3.13959265325652
ER_n006_p070_r04,6,0.7,4,4,0.999999,3.13959265325652
ER_n006_p070_r04,6,0.7,4,5,0.999999,3.13959265325652
ER_n006_p070_r05,6,0.7,5,0,0.6756419278714727,1.9297383249622044
ER_n006_p070_r05,6,0.7,5,1,0.32435828064133587,1.2118547740397292
ER_n006_p070_r05,6,0.7,5,2,0.6756419278723353,1.9297383249640474
ER_n006_p070_r05,6,0.7,5,3,0.05884619341915618,0.4900536395887986
ER_n006_p070_r05,6,0.7,5,4,0.32435828064047306,1.211854774037886
ER_n006_p070_r05,6,0.7,5,5,0.9411540079822638,2.651539869803173
ER_n006_p070_r06,6,0.7,6,0,0.999999,3.13959265325652
ER_n006_p070_r06,6,0.7,6,1,0.999999,3.13959265325652
ER_n006_p070_r06,6,0.7,6,2,0.49999991210109995,1.5707961509970967
ER_n006_p070_r06,6,0.7,6,3,0.999999,3.13959265325652
ER_n006_p070_r06,6,0.7,6,4,1e-06,0.0020000003333334833
ER_n006_p070_r06,6,0.7,6,5,0.4999999121005477,1.570796150995992
ER_n006_p070_r07,6,0.7,7,0,0.999999,3.13959265325652
ER_n006_p070_r07,6,0.7,7,1,0.4225182838210768,1.4152058883311387
ER_n006_p070_r07,6,0.7,7,2,0.999999,3.13959265325652
ER_n006_p070_r07,6,0.7,7,3,0.5774835530462032,1.726390483914885
ER_n006_p070_r07,6,0.7,7,4,1e-06,0.0020000003333334833
ER_n006_p070_r07,6,0.7,7,5,0.999999,3.13959265325652
ER_n006_p070_r08,6,0.7,8,0,0.999999,3.13959265325652
ER_n006_p070_r08,6,0.7,8,1,0.999999,3.13959265325652
ER_n006_p070_r08,6,0.7,8,2,0.999999,3.13959265325652
ER_n006_p070_r08,6,0.7,8,3,0.999999,3.13959265325652
ER_n006_p070_r08,6,0.7,8,4,1e-06,0.0020000003333334833
ER_n006_p070_r08,6,0.7,8,5,0.999999,3.13959265325652
ER_n006_p070_r09,6,0.7,9,0,0.49999990609217554,1.5707961389792477
ER_n006_p070_r09,6,0.7,9,1,0.999999,3.13959265325652
ER_n006_p070_r09,6,0.7,9,2,0.999999,3.13959265325652
ER_n006_p070_r09,6,0.7,9,3,0.49999990609212913,1.5707961389791547
ER_n006_p070_r09,6,0.7,9,4,0.999999,3.13959265325652
ER_n006_p070_r09,6,0.7,9,5,0.999999,3.13959265325652
ER_n009_p010_r00,9,0.1,0,0,0.5741224641172344,1.7195896817332597
ER_n009_p010_r00,9,0.1,0,1,1e-06,0.0020000003333334833
ER_n009_p010_r00,9,0.1,0,2,0.19654521060280078,0.9186299788564415
ER_n009_p010_r00,9,0.1,0,3,1e-06,0.0020000003333334833
ER_n009_p010_r00,9,0.1,0,4,0.5741224641184318,1.719589681735681
ER_n009_p010_r00,9,0.1,0,5,1e-06,0.0020000003333334833
ER_n009_p010_r00,9,0.1,0,6,0.22932871844194705,0.9987632720234956
ER_n009_p010_r00,9,0.1,0,7,0.1965452106039977,0.9186299788594534
ER_n009_p010_r00,9,0.1,0,8,0.22932871844194674,0.9987632720234948
ER_n009_p010_r01,9,0.1,1,0,0.2500009254412038,1.0471996884101915
ER_n009_p010_r01,9,0.1,1,1,1e-06,0.0020000003333334833
ER_n009_p010_r01,9,0.1,1,2,1e-06,0.0020000003333334833
ER_n009_p010_r01,9,0.1,1,3,0.49999997985187095,1.5707962864986384
ER_n009_p010_r01,9,0.1,1,4,0.49999997985182365,1.5707962864985439
ER_n009_p010_r01,9,0.1,1,5,0.250000925441093,1.0471996884099357
ER_n009_p010_r01,9,0.1,1,6,0.25000092544125163,1.047199688410302
ER_n009_p010_r01,9,0.1,1,7,0.25000092544118596,1.0471996884101504
ER_n009_p010_r01,9,0.1,1,8,1e-06,0.0020000003333334833
ER_n009_p010_r02,9,0.1,2,0,1e-06,0.0020000003333334833
ER_n009_p010_r02,9,0.1,2,1,1e-06,0.0020000003333334833
ER_n009_p010_r02,9,0.1,2,2,1e-06,0.0020000003333334833
ER_n009_p010_r02,9,0.1,2,3,1e-06,0.0020000003333334833
ER_n009_p010_r02,9,0.1,2,4,1e-06,0.0020000003333334833
ER_n009_p010_r02,9,0.1,2,5,0.999999,3.13959265325652
ER_n009_p010_r02,9,0.1,2,6,0.999999,3.13959265325652
ER_n009_p010_r02,9,0.1,2,7,1e-06,0.0020000003333334833
ER_n009_p010_r02,9,0.1,2,8,1e-06,0.0020000003333334833
ER_n009_p010_r03,9,0.1,3,0,1e-06,0.0020000003333334833
ER_n009_p010_r03,9,0.1,3,1,1e-06,0.0020000003333334833
ER_n009_p010_r03,9,0.1,3,2,0.3341748139006003,1.2327439052068954
ER_n009_p010_r03,9,0.1,3,3,0.3316592493733071,1.2274059092697827
ER_n009_p010_r03,9,0.1,3,4,0.49999997492997533,1.5707962766548473
ER_n009_p010_r03,9,0.1,3,5,0.3341748139000222,1.2327439052056697
ER_n009_p010_r03,9,0.1,3,6,1e-06,0.0020000003333334833
ER_n009_p010_r03,9,0.1,3,7,0.4999999749300626,1.5707962766550219
ER_n009_p010_r03,9,0.1,3,8,1e-06,0.0020000003333334833
ER_n009_p010_r04,9,0.1,4,0,1e-06,0.0020000003333334833
ER_n009_p010_r04,9,0.1,4,1,0.3297311774466716,1.2233076660095095
ER_n009_p010_r04,9,0.1,4,2,0.6702688154182828,1.9182849724030637
ER_n009_p010_r04,9,0.1,4,3,0.3297311774470179,1.223307666010246
ER_n009_p010_r04,9,0.1,4,4,1e-06,0.0020000003333334833
ER_n009_p010_r04,9,0.1,4,5,1e-06,0.0020000003333334833
ER_n009_p010_r04,9,0.1,4,6,0.6702688154179364,1.9182849724023268
ER_n009_p010_r04,9,0.1,4,7,1e-06,0.0020000003333334833
ER_n009_p010_r04,9,0.1,4,8,1e-06,0.0020000003333334833
ER_n009_p010_r05,9,0.1,5,0,0.1533518184302998,0.8047431421850308
ER_n009_p010_r05,9,0.1,5,1,0.15335181843037754,0.8047431421852466
ER_n009_p010_r05,9,0.1,5,2,0.6932963764763671,1.9677305540231615
ER_n009_p010_r05,9,0.1,5,3,1e-06,0.0020000003333334833
ER_n009_p010_r05,9,0.1,5,4,1e-06,0.0020000003333334833
ER_n009_p010_r05,9,0.1,5,5,1e-06,0.0020000003333334833
ER_n009_p010_r05,9,0.1,5,6,0.41469852846153243,1.3993547762191323
ER_n009_p010_r05,9,0.1,5,7,0.17060189952578703,0.8515788018419493
ER_n009_p010_r05,9,0.1,5,8,0.41469852846153177,1.399354776219131
ER_n009_p010_r06,9,0.1,6,0,0.19654521060772737,0.9186299788688389
ER_n009_p010_r06,9,0.1,6,1,0.5741224641299377,1.7195896817589502
ER_n009_p010_r06,9,0.1,6,2,0.19654521060823885,0.9186299788701261
ER_n009_p010_r06,9,0.1,6,3,0.2293287184255625,0.9987632719845219
ER_n009_p010_r06,9,0.1,6,4,1e-06,0.0020000003333334833
ER_n009_p010_r06,9,0.1,6,5,0.5741224641294282,1.7195896817579195
ER_n009_p010_r06,9,0.1,6,6,1e-06,0.0020000003333334833
ER_n009_p010_r06,9,0.1,6,7,0.22932871842556238,0.9987632719845216
ER_n009_p010_r06,9,0.1,6,8,1e-06,0.0020000003333334833
ER_n009_p010_r07,9,0.1,7,0,1e-06,0.0020000003333334833
ER_n009_p010_r07,9,0.1,7,1,1e-06,0.0020000003333334833
ER_n009_p010_r07,9,0.1,7,2,1e-06,0.0020000003333334833
ER_n009_p010_r07,9,0.1,7,3,1e-06,0.0020000003333334833
ER_n009_p010_r07,9,0.1,7,4,1e-06,0.0020000003333334833
ER_n009_p010_r07,9,0.1,7,5,0.999999,3.13959265325652
ER_n009_p010_r07,9,0.1,7,6,1e-06,0.0020000003333334833
ER_n009_p010_r07,9,0.1,7,7,1e-06,0.0020000003333334833
ER_n009_p010_r07,9,0.1,7,8,0.999999,3.13959265325652
ER_n009_p010_r08,9,0.1,8,0,2.9966003215787213e-06,0.0034621399826049786
ER_n009_p010_r08,9,0.1,8,1,0.5000009188280776,1.570798164451052
ER_n009_p010_r08,9,0.1,8,2,0.9999975649663873,3.1384717334759595
ER_n009_p010_r08,9,0.1,8,3,2.996600323636286e-06,0.0034621399837935895
ER_n009_p010_r08,9,0.1,8,4,2.996600320798312e-06,0.0034621399821541535
ER_n009_p010_r08,9,0.1,8,5,2.996600323687128e-06,0.00346213998382296
ER_n009_p010_r08,9,0.1,8,6,0.5000009188276461,1.5707981644501887
ER_n009_p010_r08,9,0.1,8,7,2.9966003232709695e-06,0.0034621399835825543
ER_n009_p010_r08,9,0.1,8,8,2.9966003232867493e-06,0.0034621399835916703
ER_n009_p010_r09,9,0.1,9,0,0.8299182614431561,2.2913975061698837
ER_n009_p010_r09,9,0.1,9,1,1e-06,0.0020000003333334833
ER_n009_p010_r09,9,0.1,9,2,0.27663797880816343,1.1076959799707418
ER_n009_p010_r09,9,0.1,9,3,1e-06,0.0020000003333334833
ER_n009_p010_r09,9,0.1,9,4,1e-06,0.0020000003333334833
ER_n009_p010_r09,9,0.1,9,5,0.27663797880797697,1.107695979970325
ER_n009_p010_r09,9,0.1,9,6,0.17008141733951307,0.8501942924464595
ER_n009_p010_r09,9,0.1,9,7,0.27663797880825597,1.1076959799709487
ER_n009_p010_r09,9,0.1,9,8,0.17008141733951285,0.8501942924464588
ER_n009_p030_r00,9,0.3,0,0,0.09933202683847484,0.6412712147900665
ER_n009_p030_r00,9,0.3,0,1,0.1800919163791893,0.876537286115637
ER_n009_p030_r00,9,0.3,0,2,0.08733258548811314,0.6000013918278241
ER_n009_p030_r00,9,0.3,0,3,0.5918142411148087,1.7554727639241425
ER_n009_p030_r00,9,0.3,0,4,0.7325781679662112,2.054607534983642
ER_n009_p030_r00,9,0.3,0,5,0.3244664020481568,1.212085726265388
ER_n009_p030_r00,9,0.3,0,6,0.3364287242481553,1.2375181756521665
ER_n009_p030_r00,9,0.3,0,7,0.5642360779145644,1.6996245410851993
ER_n009_p030_r00,9,0.3,0,8,0.08371742438335841,0.5870737849180132
ER_n009_p030_r01,9,0.3,1,0,0.6073981354556386,1.7872795538498536
ER_n009_p030_r01,9,0.3,1,1,1e-06,0.0020000003333334833
ER_n009_p030_r01,9,0.3,1,2,0.8049209163929326,2.226657328139936
ER_n009_p030_r01,9,0.3,1,3,0.41624031375165343,1.4024833826982592
ER_n009_p030_r01,9,0.3,1,4,0.1950791069362647,0.9149353843230824
ER_n009_p030_r01,9,0.3,1,5,0.38867943837473434,1.346273569617836
ER_n009_p030_r01,9,0.3,1,6,0.19507911761791713,0.9149354112791451
ER_n009_p030_r01,9,0.3,1,7,0.3926019078242682,1.3543131883684414
ER_n009_p030_r01,9,0.3,1,8,1e-06,0.0020000003333334833
ER_n009_p030_r02,9,0.3,2,0,0.999999,3.13959265325652
ER_n009_p030_r02,9,0.3,2,1,1e-06,0.0020000003333334833
ER_n009_p030_r02,9,0.3,2,2,1e-06,0.0020000003333334833
ER_n009_p030_r02,9,0.3,2,3,0.999999,3.13959265325652
ER_n009_p030_r02,9,0.3,2,4,0.999999,3.13959265325652
ER_n009_p030_r02,9,0.3,2,5,1e-06,0.0020000003333334833
ER_n009_p030_r02,9,0.3,2,6,1e-06,0.0020000003333334833
ER_n009_p030_r02,9,0.3,2,7,1e-06,0.0020000003333334833
ER_n009_p030_r02,9,0.3,2,8,1e-06,0.0020000003333334833
ER_n009_p030_r03,9,0.3,3,0,0.1645217113392816,0.8352982281595852
ER_n009_p030_r03,9,0.3,3,1,0.16452170838288596,0.8352982201854543
ER_n009_p030_r03,9,0.3,3,2,0.22058501599407238,0.9778220957795315
ER_n009_p030_r03,9,0.3,3,3,0.1645217120554964,0.8352982300913939
ER_n009_p030_r03,9,0.3,3,4,0.4150333070226406,1.4000342552692235
ER_n009_p030_r03,9,0.3,3,5,0.6148905414390585,1.8026490678030722
ER_n009_p030_r03,9,0.3,3,6,0.6266403909367867,1.8268664488841324
ER_n009_p030_r03,9,0.3,3,7,0.4204435811752408,1.4110043493268392
ER_n009_p030_r03,9,0.3,3,8,0.20883527025290377,0.9492051370420965
ER_n009_p030_r04,9,0.3,4,0,0.999999,3.13959265325652
ER_n009_p030_r04,9,0.3,4,1,0.999999,3.13959265325652
ER_n009_p030_r04,9,0.3,4,2,1e-06,0.0020000003333334833
ER_n009_p030_r04,9,0.3,4,3,1e-06,0.0020000003333334833
ER_n009_p030_r04,9,0.3,4,4,1e-06,0.0020000003333334833
ER_n009_p030_r04,9,0.3,4,5,0.999999,3.13959265325652
ER_n009_p030_r04,9,0.3,4,6,1e-06,0.0020000003333334833
ER_n009_p030_r04,9,0.3,4,7,1e-06,0.0020000003333334833
ER_n009_p030_r04,9,0.3,4,8,1e-06,0.0020000003333334833
ER_n009_p030_r05,9,0.3,5,0,0.4268793805805065,1.424028741829785
ER_n009_p030_r05,9,0.3,5,1,0.09506858105229332,0.6268780673198403
ER_n009_p030_r05,9,0.3,5,2,0.1603880371651465,0.8240916314721289
ER_n009_p030_r05,9,0.3,5,3,0.0792572569143725,0.5707694868826984
ER_n009_p030_r05,9,0.3,5,4,0.09506858105216966,0.6268780673194186
ER_n009_p030_r05,9,0.3,5,5,0.18981518515274692,0.9015824310328052
ER_n009_p030_r05,9,0.3,5,6,0.2229147508207715,0.9834302058599861
ER_n009_p030_r05,9,0.3,5,7,0.14912553197678372,0.7929468809182791
ER_n009_p030_r05,9,0.3,5,8,0.5814764559627776,1.7344791605533099
ER_n009_p030_r06,9,0.3,6,0,1e-06,0.0020000003333334833
ER_n009_p030_r06,9,0.3,6,1,0.23418653029129335,1.0102760426377753
ER_n009_p030_r06,9,0.3,6,2,0.30954393408661474,1.1800137274731615
ER_n009_p030_r06,9,0.3,6,3,0.12812714807898828,0.7321398388444191
ER_n009_p030_r06,9,0.3,6,4,0.14672149525991082,0.7861753560648397
ER_n009_p030_r06,9,0.3,6,5,0.12812714807907363,0.7321398388446746
ER_n009_p030_r06,9,0.3,6,6,0.36929473921275846,1.3063130768762425
ER_n009_p030_r06,9,0.3,6,7,0.30954393408613745,1.180013727472129
ER_n009_p030_r06,9,0.3,6,8,0.37444907486223633,1.3169779181012922
ER_n009_p030_r07,9,0.3,7,0,0.999999,3.13959265325652
ER_n009_p030_r07,9,0.3,7,1,1e-06,0.0020000003333334833
ER_n009_p030_r07,9,0.3,7,2,0.999999,3.13959265325652
ER_n009_p030_r07,9,0.3,7,3,1e-06,0.0020000003333334833
ER_n009_p030_r07,9,0.3,7,4,1e-06,0.0020000003333334833
ER_n009_p030_r07,9,0.3,7,5,0.6677503627668545,1.912933039848502
ER_n009_p030_r07,9,0.3,7,6,1e-06,0.0020000003333334833
ER_n009_p030_r07,9,0.3,7,7,1e-06,0.0020000003333334833
ER_n009_p030_r07,9,0.3,7,8,0.33224978328629734,1.228659923819742
ER_n009_p030_r08,9,0.3,8,0,1e-06,0.0020000003333334833
ER_n009_p030_r08,9,0.3,8,1,1e-06,0.0020000003333334833
ER_n009_p030_r08,9,0.3,8,2,0.999999,3.13959265325652
ER_n009_p030_r08,9,0.3,8,3,1e-06,0.0020000003333334833
ER_n009_p030_r08,9,0.3,8,4,0.999999,3.13959265325652
ER_n009_p030_r08,9,0.3,8,5,0.999999,3.13959265325652
ER_n009_p030_r08,9,0.3,8,6,1e-06,0.0020000003333334833
ER_n009_p030_r08,9,0.3,8,7,1e-06,0.0020000003333334833
ER_n009_p030_r08,9,0.3,8,8,1e-06,0.0020000003333334833
ER_n009_p030_r09,9,0.3,9,0,0.06882865217991195,0.5309178652613845
ER_n009_p030_r09,9,0.3,9,1,0.2062395033496258,0.9428043994101318
ER_n009_p030_r09,9,0.3,9,2,0.26213289387941946,1.0749977614567836
ER_n009_p030_r09,9,0.3,9,3,0.29694746061053445,1.1526085331989364
ER_n009_p030_r09,9,0.3,9,4,0.2062395033501819,0.9428043994115062
ER_n009_p030_r09,9,0.3,9,5,0.4407186790847938,1.4519541385171575
ER_n009_p030_r09,9,0.3,9,6,0.1485731542763158,0.7913949955872598
ER_n009_p030_r09,9,0.3,9,7,0.2217449148900711,0.9806168238833616
ER_n009_p030_r09,9,0.3,9,8,0.14857315427683304,0.7913949955887141
ER_n009_p050_r00,9,0.5,0,0,0.35082782448091465,1.2678387919508645
ER_n009_p050_r00,9,0.5,0,1,0.5680188633344253,1.7072571783898067
ER_n009_p050_r00,9,0.5,0,2,0.18363922023519838,0.8857336355985832
ER_n009_p050_r00,9,0.5,0,3,0.4655316758009924,1.5018049604707417
ER_n009_p050_r00,9,0.5,0,4,0.020376337669348352,0.286469963992003
ER_n009_p050_r00,9,0.5,0,5,0.13589824157687705,0.7550992614527197
ER_n009_p050_r00,9,0.5,0,6,0.2960813829601602,1.1507122359046187
ER_n009_p050_r00,9,0.5,0,7,0.5815488974379186,1.7346260080471227
ER_n009_p050_r00,9,0.5,0,8,0.39807521482194014,1.3655078678235038
ER_n009_p050_r01,9,0.5,1,0,1e-06,0.0020000003333334833
ER_n009_p050_r01,9,0.5,1,1,0.999999,3.13959265325652
ER_n009_p050_r01,9,0.5,1,2,0.999999,3.13959265325652
ER_n009_p050_r01,9,0.5,1,3,1e-06,0.0020000003333334833
ER_n009_p050_r01,9,0.5,1,4,1e-06,0.0020000003333334833
ER_n009_p050_r01,9,0.5,1,5,1e-06,0.0020000003333334833
ER_n009_p050_r01,9,0.5,1,6,0.999999,3.13959265325652
ER_n009_p050_r01,9,0.5,1,7,0.999999,3.13959265325652
ER_n009_p050_r01,9,0.5,1,8,0.999999,3.13959265325652
ER_n009_p050_r02,9,0.5,2,0,1e-06,0.0020000003333334833
ER_n009_p050_r02,9,0.5,2,1,1e-06,0.0020000003333334833
ER_n009_p050_r02,9,0.5,2,2,1e-06,0.0020000003333334833
ER_n009_p050_r02,9,0.5,2,3,0.999999,3.13959265325652
ER_n009_p050_r02,9,0.5,2,4,1e-06,0.0020000003333334833
ER_n009_p050_r02,9,0.5,2,5,0.999999,3.13959265325652
ER_n009_p050_r02,9,0.5,2,6,0.5799616803362895,1.731409340678532
ER_n009_p050_r02,9,0.5,2,7,0.420037930672973,1.4101825247861197
ER_n009_p050_r02,9,0.5,2,8,0.999999,3.13959265325652
ER_n009_p050_r03,9,0.5,3,0,1e-06,0.0020000003333334833
ER_n009_p050_r03,9,0.5,3,1,0.999999,3.13959265325652
ER_n009_p050_r03,9,0.5,3,2,1e-06,0.0020000003333334833
ER_n009_p050_r03,9,0.5,3,3,0.4719813604877279,1.5147296784244102
ER_n009_p050_r03,9,0.5,3,4,1e-06,0.0020000003333334833
ER_n009_p050_r03,9,0.5,3,5,0.999999,3.13959265325652
ER_n009_p050_r03,9,0.5,3,6,1e-06,0.0020000003333334833
ER_n009_p050_r03,9,0.5,3,7,0.999999,3.13959265325652
ER_n009_p050_r03,9,0.5,3,8,0.5280185972017903,1.6268628904112434
ER_n009_p050_r04,9,0.5,4,0,0.21401610202234522,0.9618935288647356
ER_n009_p050_r04,9,0.5,4,1,0.14602118181456158,0.784194147338005
ER_n009_p050_r04,9,0.5,4,2,0.6399620985659632,1.8545114755914662
ER_n009_p050_r04,9,0.5,4,3,1e-06,0.0020000003333334833
ER_n009_p050_r04,9,0.5,4,4,0.22222670122468083,0.9817761301136836
ER_n009_p050_r04,9,0.5,4,5,0.7777733077724661,2.159816545117252
ER_n009_p050_r04,9,0.5,4,6,0.838174248229301,2.313590242965567
ER_n009_p050_r04,9,0.5,4,7,0.16182573322442093,0.828002360266536
ER_n009_p050_r04,9,0.5,4,8,1e-06,0.0020000003333334833
ER_n009_p050_r05,9,0.5,5,0,0.5302066040307273,1.6312463442523382
ER_n009_p050_r05,9,0.5,5,1,1e-06,0.0020000003333334833
ER_n009_p050_r05,9,0.5,5,2,0.1424189517447275,0.7739403363356385
ER_n009_p050_r05,9,0.5,5,3,0.8575811100380235,2.3676524940393127
ER_n009_p050_r05,9,0.5,5,4,0.354220151505881,1.2749393536666143
ER_n009_p050_r05,9,0.5,5,5,0.32359269454046,1.2102188738175876
ER_n009_p050_r05,9,0.5,5,6,0.46979352230231425,1.5103465624658867
ER_n009_p050_r05,9,0.5,5,7,0.322187353749141,1.207213316835176
ER_n009_p050_r05,9,0.5,5,8,1e-06,0.0020000003333334833
ER_n009_p050_r06,9,0.5,6,0,0.999999,3.13959265325652
ER_n009_p050_r06,9,0.5,6,1,0.1893170148437883,0.9003114508267249
ER_n009_p050_r06,9,0.5,6,2,0.09801536847482968,0.6368561849077253
ER_n009_p050_r06,9,0.5,6,3,0.1141696483026045,0.6893482671017006
ER_n009_p050_r06,9,0.5,6,4,0.8033766114994895,2.22276595885446
ER_n009_p050_r06,9,0.5,6,5,0.7878135676749805,2.184167206876597
ER_n009_p050_r06,9,0.5,6,6,0.19662333732849832,0.9188265659829322
ER_n009_p050_r06,9,0.5,6,7,0.6445026418112305,1.8639839458712193
ER_n009_p050_r06,9,0.5,6,8,0.16617817445184319,0.8397571387743507
ER_n009_p050_r07,9,0.5,7,0,1e-06,0.0020000003333334833
ER_n009_p050_r07,9,0.5,7,1,0.999999,3.13959265325652
ER_n009_p050_r07,9,0.5,7,2,0.6337111656141561,1.84151326393328
ER_n009_p050_r07,9,0.5,7,3,1e-06,0.0020000003333334833
ER_n009_p050_r07,9,0.5,7,4,1e-06,0.0020000003333334833
ER_n009_p050_r07,9,0.5,7,5,0.999999,3.13959265325652
ER_n009_p050_r07,9,0.5,7,6,1e-06,0.0020000003333334833
ER_n009_p050_r07,9,0.5,7,7,0.999999,3.13959265325652
ER_n009_p050_r07,9,0.5,7,8,0.36628975440059713,1.300081299233433
ER_n009_p050_r08,9,0.5,8,0,0.5564608189166079,1.6839593350901898
ER_n009_p050_r08,9,0.5,8,1,1e-06,0.0020000003333334833
ER_n009_p050_r08,9,0.5,8,2,0.06908998605039837,0.531949236641594
ER_n009_p050_r08,9,0.5,8,3,0.23838199868098597,1.0201524953707544
ER_n009_p050_r08,9,0.5,8,4,1e-06,0.0020000003333334833
ER_n009_p050_r08,9,0.5,8,5,0.9309107967716123,2.609646503707487
ER_n009_p050_r08,9,0.5,8,6,0.44353913946229345,1.4576332347215528
ER_n009_p050_r08,9,0.5,8,7,0.761617942727763,2.1214400207112103
ER_n009_p050_r08,9,0.5,8,8,0.999999,3.13959265325652
ER_n009_p050_r09,9,0.5,9,0,1e-06,0.0020000003333334833
ER_n009_p050_r09,9,0.5,9,1,0.999999,3.13959265325652
ER_n009_p050_r09,9,0.5,9,2,0.49442071953902045,1.5596375342947495
ER_n009_p050_r09,9,0.5,9,3,0.505579058748295,1.5819546758420668
ER_n009_p050_r09,9,0.5,9,4,1e-06,0.0020000003333334833
ER_n009_p050_r09,9,0.5,9,5,1e-06,0.0020000003333334833
ER_n009_p050_r09,9,0.5,9,6,1e-06,0.0020000003333334833
ER_n009_p050_r09,9,0.5,9,7,0.999999,3.13959265325652
ER_n009_p050_r09,9,0.5,9,8,0.999999,3.13959265325652
ER_n009_p070_r00,9,0.7,0,0,0.999999,3.13959265325652
ER_n009_p070_r00,9,0.7,0,1,0.43965936957248447,1.449820196332549
ER_n009_p070_r00,9,0.7,0,2,1e-06,0.0020000003333334833
ER_n009_p070_r00,9,0.7,0,3,0.5603406756448274,1.6917725483576938
ER_n009_p070_r00,9,0.7,0,4,1e-06,0.0020000003333334833
ER_n009_p070_r00,9,0.7,0,5,0.999999,3.13959265325652
ER_n009_p070_r00,9,0.7,0,6,1e-06,0.0020000003333334833
ER_n009_p070_r00,9,0.7,0,7,0.999999,3.13959265325652
ER_n009_p070_r00,9,0.7,0,8,0.999999,3.13959265325652
ER_n009_p070_r01,9,0.7,1,0,0.7574719699221452,2.1117385774245028
ER_n009_p070_r01,9,0.7,1,1,0.7898238757954681,2.1890926738746517
ER_n009_p070_r01,9,0.7,1,2,0.999999,3.13959265325652
ER_n009_p070_r01,9,0.7,1,3,0.999999,3.13959265325652
ER_n009_p070_r01,9,0.7,1,4,1e-06,0.0020000003333334833
ER_n009_p070_r01,9,0.7,1,5,0.999999,3.13959265325652
ER_n009_p070_r01,9,0.7,1,6,0.21017649359783147,0.9525008863492527
ER_n009_p070_r01,9,0.7,1,7,0.2425279558510708,1.0298539029858174
ER_n009_p070_r01,9,0.7,1,8,0.999999,3.13959265325652
ER_n009_p070_r02,9,0.7,2,0,1e-06,0.0020000003333334833
ER_n009_p070_r02,9,0.7,2,1,0.999999,3.13959265325652
ER_n009_p070_r02,9,0.7,2,2,0.37266138738172,1.3132824190787127
ER_n009_p070_r02,9,0.7,2,3,0.14731374031535122,0.7878477821155532
ER_n009_p070_r02,9,0.7,2,4,0.49999996326208496,1.5707962533190665
ER_n009_p070_r02,9,0.7,2,5,0.8526862035308297,2.3537447130349074
ER_n009_p070_r02,9,0.7,2,6,0.999999,3.13959265325652
ER_n009_p070_r02,9,0.7,2,7,0.6273387281776043,1.8283104735104747
ER_n009_p070_r02,9,0.7,2,8,0.49999996326193147,1.5707962533187594
ER_n009_p070_r03,9,0.7,3,0,0.999999,3.13959265325652
ER_n009_p070_r03,9,0.7,3,1,1e-06,0.0020000003333334833
ER_n009_p070_r03,9,0.7,3,2,0.7015016081825981,1.985592302862638
ER_n009_p070_r03,9,0.7,3,3,0.2984962069093223,1.1559955760029201
ER_n009_p070_r03,9,0.7,3,4,1e-06,0.0020000003333334833
ER_n009_p070_r03,9,0.7,3,5,0.999999,3.13959265325652
ER_n009_p070_r03,9,0.7,3,6,0.999999,3.13959265325652
ER_n009_p070_r03,9,0.7,3,7,1e-06,0.0020000003333334833
ER_n009_p070_r03,9,0.7,3,8,0.999999,3.13959265325652
ER_n009_p070_r04,9,0.7,4,0,0.34112822111080854,1.2474475611964575
ER_n009_p070_r04,9,0.7,4,1,0.999999,3.13959265325652
ER_n009_p070_r04,9,0.7,4,2,1e-06,0.0020000003333334833
ER_n009_p070_r04,9,0.7,4,3,0.3411282211105804,1.2474475611959766
ER_n009_p070_r04,9,0.7,4,4,1e-06,0.0020000003333334833
ER_n009_p070_r04,9,0.7,4,5,0.31775561951635717,1.1977125891452998
ER_n009_p070_r04,9,0.7,4,6,0.999999,3.13959265325652
ER_n009_p070_r04,9,0.7,4,7,0.999999,3.13959265325652
ER_n009_p070_r04,9,0.7,4,8,0.999999,3.13959265325652
ER_n009_p070_r05,9,0.7,5,0,0.5000002494264567,1.5707968256478102
ER_n009_p070_r05,9,0.7,5,1,0.32128671409168197,1.205285341012043
ER_n009_p070_r05,9,0.7,5,2,0.7622425772132062,2.1229066364147577
ER_n009_p070_r05,9,0.7,5,3,0.3212864940049437,1.2052848697045389
ER_n009_p070_r05,9,0.7,5,4,0.2377574833271005,1.0186861593853032
ER_n009_p070_r05,9,0.7,5,5,0.6787136774919036,1.9363081511393863
ER_n009_p070_r05,9,0.7,5,6,0.5000002494264476,1.570796825647792
ER_n009_p070_r05,9,0.7,5,7,0.999999,3.13959265325652
ER_n009_p070_r05,9,0.7,5,8,0.6787136774919029,1.9363081511393847
ER_n009_p070_r06,9,0.7,6,0,0.41251856413583377,1.3949282687039273
ER_n009_p070_r06,9,0.7,6,1,0.44550390087739605,1.4615871749476574
ER_n009_p070_r06,9,0.7,6,2,0.5874819201415928,1.7466653686147908
ER_n009_p070_r06,9,0.7,6,3,0.5200322101891555,1.6108714732086695
ER_n009_p070_r06,9,0.7,6,4,0.4125177802099187,1.3949266762889247
ER_n009_p070_r06,9,0.7,6,5,1e-06,0.0020000003333334833
ER_n009_p070_r06,9,0.7,6,6,0.5544964937523048,1.6800062726316811
ER_n009_p070_r06,9,0.7,6,7,0.4799680367369888,1.5307216746302408
ER_n009_p070_r06,9,0.7,6,8,0.5874821944451487,1.7466659258168498
ER_n009_p070_r07,9,0.7,7,0,0.4472053347104626,1.4650098008034447
ER_n009_p070_r07,9,0.7,7,1,0.44722000909645,1.465039314516357
ER_n009_p070_r07,9,0.7,7,2,0.521282628653434,1.6133744478893866
ER_n009_p070_r07,9,0.7,7,3,0.44721739426749935,1.4650340554743997
ER_n009_p070_r07,9,0.7,7,4,0.5527799575999827,1.6765532720920726
ER_n009_p070_r07,9,0.7,7,5,0.44721476802703714,1.4650287734782277
ER_n009_p070_r07,9,0.7,7,6,0.4787172005708704,1.5282178638391803
ER_n009_p070_r07,9,0.7,7,7,0.4472049811183448,1.465009089643672
ER_n009_p070_r07,9,0.7,7,8,0.44721999284016134,1.465039281821109
ER_n009_p070_r08,9,0.7,8,0,0.22051922880171512,0.9776634267399085
ER_n009_p070_r08,9,0.7,8,1,1e-06,0.0020000003333334833
ER_n009_p070_r08,9,0.7,8,2,0.779481043477054,2.1639298835815235
ER_n009_p070_r08,9,0.7,8,3,0.22051922880159322,0.9776634267396145
ER_n009_p070_r08,9,0.7,8,4,0.7794810434771756,2.1639298835818166
ER_n009_p070_r08,9,0.7,8,5,0.999999,3.13959265325652
ER_n009_p070_r08,9,0.7,8,6,0.999999,3.13959265325652
ER_n009_p070_r08,9,0.7,8,7,0.999999,3.13959265325652
ER_n009_p070_r08,9,0.7,8,8,1e-06,0.0020000003333334833
ER_n009_p070_r09,9,0.7,9,0,0.7806748467414824,2.1668121208306586
ER_n009_p070_r09,9,0.7,9,1,0.999999,3.13959265325652
ER_n009_p070_r09,9,0.7,9,2,0.21932563831039617,0.9747817049779934
ER_n009_p070_r09,9,0.7,9,3,0.8235184137592537,2.2744879857368474
ER_n009_p070_r09,9,0.7,9,4,0.1764812012574392,0.8671036580056001
ER_n009_p070_r09,9,0.7,9,5,0.8235184137591154,2.274487985736484
ER_n009_p070_r09,9,0.7,9,6,0.13460563935725442,0.7513196297107667
ER_n009_p070_r09,9,0.7,9,7,0.17648120125730227,0.8671036580052409
ER_n009_p070_r09,9,0.7,9,8,0.8653949824248247,2.390274845675958
ER_n012_p010_r00,12,0.1,0,0,1e-06,0.0020000003333334833
ER_n012_p010_r00,12,0.1,0,1,0.6323673700148538,1.8387251644540594
ER_n012_p010_r00,12,0.1,0,2,1e-06,0.0020000003333334833
ER_n012_p010_r00,12,0.1,0,3,0.09598255562209476,0.6299874725066047
ER_n012_p010_r00,12,0.1,0,4,0.6323673700152149,1.8387251644548086
ER_n012_p010_r00,12,0.1,0,5,0.13582304233703846,0.7548797916717743
ER_n012_p010_r00,12,0.1,0,6,0.09598255562209475,0.6299874725066047
ER_n012_p010_r00,12,0.1,0,7,1e-06,0.0020000003333334833
ER_n012_p010_r00,12,0.1,0,8,0.13582304233770615,0.7548797916737232
ER_n012_p010_r00,12,0.1,0,9,0.13582304233760362,0.754879791673424
ER_n012_p010_r00,12,0.1,0,10,0.13582304233750211,0.7548797916731277
ER_n012_p010_r00,12,0.1,0,11,1e-06,0.0020000003333334833
ER_n012_p010_r01,12,0.1,1,0,0.42096374623177046,1.412058014577856
ER_n012_p010_r01,12,0.1,1,1,1e-06,0.0020000003333334833
ER_n012_p010_r01,12,0.1,1,2,0.4099638181863184,1.3897363098567304
ER_n012_p010_r01,12,0.1,1,3,0.44041050746068133,1.4513333940117734
ER_n012_p010_r01,12,0.1,1,4,0.2562895622820345,1.061662775439984
ER_n012_p010_r01,12,0.1,1,5,0.1458643224436196,0.7837498479385964
ER_n012_p010_r01,12,0.1,1,6,1e-06,0.0020000003333334833
ER_n012_p010_r01,12,0.1,1,7,1e-06,0.0020000003333334833
ER_n012_p010_r01,12,0.1,1,8,0.02320543621163955,0.3058574101328912
ER_n012_p010_r01,12,0.1,1,9,0.15633603550874306,0.8129924870427208
ER_n012_p010_r01,12,0.1,1,10,0.14696327209950028,0.7868584404866203
ER_n012_p010_r01,12,0.1,1,11,1e-06,0.0020000003333334833
ER_n012_p010_r02,12,0.1,2,0,1e-06,0.0020000003333334833
ER_n012_p010_r02,12,0.1,2,1,0.13019436108327342,0.7383037185506112
ER_n012_p010_r02,12,0.1,2,2,0.31784538963941694,1.1979053855067316
ER_n012_p010_r02,12,0.1,2,3,0.5127346682166014,1.596268417637204
ER_n012_p010_r02,12,0.1,2,4,0.12915591912973381,0.7352126120294118
ER_n012_p010_r02,12,0.1,2,5,0.12133835373349529,0.7115918522482113
ER_n012_p010_r02,12,0.1,2,6,0.03534623853628967,0.3782630005733694
ER_n012_p010_r02,12,0.1,2,7,0.12133835373386499,0.7115918522493436
ER_n012_p010_r02,12,0.1,2,8,0.0038708016347171656,0.12451194865373993
ER_n012_p010_r02,12,0.1,2,9,0.40213683259306787,1.3737982710465553
ER_n012_p010_r02,12,0.1,2,10,0.035346238536289584,0.378263000573369
ER_n012_p010_r02,12,0.1,2,11,0.1906760541835936,0.9037757578483621
ER_n012_p010_r03,12,0.1,3,0,0.999999,3.13959265325652
ER_n012_p010_r03,12,0.1,3,1,1e-06,0.0020000003333334833
ER_n012_p010_r03,12,0.1,3,2,1e-06,0.0020000003333334833
ER_n012_p010_r03,12,0.1,3,3,0.999999,3.13959265325652
ER_n012_p010_r03,12,0.1,3,4,0.999999,3.13959265325652
ER_n012_p010_r03,12,0.1,3,5,1e-06,0.0020000003333334833
ER_n012_p010_r03,12,0.1,3,6,1e-06,0.0020000003333334833
ER_n012_p010_r03,12,0.1,3,7,1e-06,0.0020000003333334833
ER_n012_p010_r03,12,0.1,3,8,1e-06,0.0020000003333334833
ER_n012_p010_r03,12,0.1,3,9,1e-06,0.0020000003333334833
ER_n012_p010_r03,12,0.1,3,10,1e-06,0.0020000003333334833
ER_n012_p010_r03,12,0.1,3,11,1e-06,0.0020000003333334833
ER_n012_p010_r04,12,0.1,4,0,0.19770451062465016,0.9215440594592086
ER_n012_p010_r04,12,0.1,4,1,0.19770451062464983,0.9215440594592077
ER_n012_p010_r04,12,0.1,4,2,1e-06,0.0020000003333334833
ER_n012_p010_r04,12,0.1,4,3,0.1977045106242512,0.9215440594582068
ER_n012_p010_r04,12,0.1,4,4,0.20344873066428668,0.9358894528017739
ER_n012_p010_r04,12,0.1,4,5,0.4068984828750116,1.3835001579206367
ER_n012_p010_r04,12,0.1,4,6,0.19770451062397268,0.9215440594575075
ER_n012_p010_r04,12,0.1,4,7,0.20344873066357477,0.9358894528000055
ER_n012_p010_r04,12,0.1,4,8,0.19770451062397232,0.9215440594575065
ER_n012_p010_r04,12,0.1,4,9,0.19770451062425223,0.9215440594582095
ER_n012_p010_r04,12,0.1,4,10,1e-06,0.0020000003333334833
ER_n012_p010_r04,12,0.1,4,11,1e-06,0.0020000003333334833
ER_n012_p010_r05,12,0.1,5,0,0.999999,3.13959265325652
ER_n012_p010_r05,12,0.1,5,1,0.999999,3.13959265325652
ER_n012_p010_r05,12,0.1,5,2,1e-06,0.0020000003333334833
ER_n012_p010_r05,12,0.1,5,3,0.999999,3.13959265325652
ER_n012_p010_r05,12,0.1,5,4,1e-06,0.0020000003333334833
ER_n012_p010_r05,12,0.1,5,5,1e-06,0.0020000003333334833
ER_n012_p010_r05,12,0.1,5,6,1e-06,0.0020000003333334833
ER_n012_p010_r05,12,0.1,5,7,1e-06,0.0020000003333334833
ER_n012_p010_r05,12,0.1,5,8,1e-06,0.0020000003333334833
ER_n012_p010_r05,12,0.1,5,9,1e-06,0.0020000003333334833
ER_n012_p010_r05,12,0.1,5,10,1e-06,0.0020000003333334833
ER_n012_p010_r05,12,0.1,5,11,1e-06,0.0020000003333334833
ER_n012_p010_r06,12,0.1,6,0,1e-06,0.0020000003333334833
ER_n012_p010_r06,12,0.1,6,1,0.2386179619242678,1.0207061835291618
ER_n012_p010_r06,12,0.1,6,2,1e-06,0.0020000003333334833
ER_n012_p010_r06,12,0.1,6,3,0.23861796192426726,1.0207061835291606
ER_n012_p010_r06,12,0.1,6,4,1e-06,0.0020000003333334833
ER_n012_p010_r06,12,0.1,6,5,0.1903436685950053,0.9029293538408611
ER_n012_p010_r06,12,0.1,6,6,1e-06,0.0020000003333334833
ER_n012_p010_r06,12,0.1,6,7,0.1903436685949389,0.902929353840692
ER_n012_p010_r06,12,0.1,6,8,0.38068532455206355,1.3298421451989613
ER_n012_p010_r06,12,0.1,6,9,0.19034366859476637,0.9029293538402525
ER_n012_p010_r06,12,0.1,6,10,0.190343668594796,0.902929353840328
ER_n012_p010_r06,12,0.1,6,11,0.3806853245520998,1.3298421451990357
ER_n012_p010_r07,12,0.1,7,0,0.3806853245520431,1.329842145198919
ER_n012_p010_r07,12,0.1,7,1,0.19034366859485208,0.9029293538404709
ER_n012_p010_r07,12,0.1,7,2,0.23861796192428805,1.0207061835292093
ER_n012_p010_r07,12,0.1,7,3,0.19034366859483287,0.9029293538404218
ER_n012_p010_r07,12,0.1,7,4,0.3806853245520416,1.329842145198916
ER_n012_p010_r07,12,0.1,7,5,0.19034366859482868,0.9029293538404113
ER_n012_p010_r07,12,0.1,7,6,1e-06,0.0020000003333334833
ER_n012_p010_r07,12,0.1,7,7,1e-06,0.0020000003333334833
ER_n012_p010_r07,12,0.1,7,8,0.19034366859481067,0.9029293538403653
ER_n012_p010_r07,12,0.1,7,9,0.23861796192428866,1.0207061835292108
ER_n012_p010_r07,12,0.1,7,10,1e-06,0.0020000003333334833
ER_n012_p010_r07,12,0.1,7,11,1e-06,0.0020000003333334833
ER_n012_p010_r08,12,0.1,8,0,0.12313602511711207,0.717079961632271
ER_n012_p010_r08,12,0.1,8,1,1e-06,0.0020000003333334833
ER_n012_p010_r08,12,0.1,8,2,0.10316193189913186,0.653968035867988
ER_n012_p010_r08,12,0.1,8,3,0.12313602511641729,0.7170799616301565
ER_n012_p010_r08,12,0.1,8,4,0.12313602511662278,0.7170799616307819
ER_n012_p010_r08,12,0.1,8,5,1e-06,0.0020000003333334833
ER_n012_p010_r08,12,0.1,8,6,0.5474015357602117,1.665741984786853
ER_n012_p010_r08,12,0.1,8,7,1e-06,0.0020000003333334833
ER_n012_p010_r08,12,0.1,8,8,0.20632218016555365,0.9430087241080557
ER_n012_p010_r08,12,0.1,8,9,0.12313602511673669,0.7170799616311285
ER_n012_p010_r08,12,0.1,8,10,0.10316193189894834,0.6539680358673847
ER_n012_p010_r08,12,0.1,8,11,0.547401535759401,1.6657419847852244
ER_n012_p010_r09,12,0.1,9,0,0.15321115668182664,0.8043526955888224
ER_n012_p010_r09,12,0.1,9,1,0.20851044921254572,0.9484057940571032
ER_n012_p010_r09,12,0.1,9,2,1e-06,0.0020000003333334833
ER_n012_p010_r09,12,0.1,9,3,0.20851044921225384,0.9484057940563847
ER_n012_p010_r09,12,0.1,9,4,1e-06,0.0020000003333334833
ER_n012_p010_r09,12,0.1,9,5,1e-06,0.0020000003333334833
ER_n012_p010_r09,12,0.1,9,6,1e-06,0.0020000003333334833
ER_n012_p010_r09,12,0.1,9,7,0.417019711305409,1.404064309530065
ER_n012_p010_r09,12,0.1,9,8,0.42976537023805594,1.4298609691951902
ER_n012_p010_r09,12,0.1,9,9,0.4297653702374621,1.429860969193991
ER_n012_p010_r09,12,0.1,9,10,1e-06,0.0020000003333334833
ER_n012_p010_r09,12,0.1,9,11,0.15321115668122795,0.8043526955871602
ER_n012_p030_r00,12,0.3,0,0,1e-06,0.0020000003333334833
ER_n012_p030_r00,12,0.3,0,1,7.514484805283326e-05,0.0173374427615688
ER_n012_p030_r00,12,0.3,0,2,0.2831258589206783,1.122147716722096
ER_n012_p030_r00,12,0.3,0,3,0.1341862028386412,0.7500898886606319
ER_n012_p030_r00,12,0.3,0,4,0.2437192520060279,1.0326310187680958
ER_n012_p030_r00,12,0.3,0,5,0.47380840753104847,1.5183891556673696
ER_n012_p030_r00,12,0.3,0,6,1e-06,0.0020000003333334833
ER_n012_p030_r00,12,0.3,0,7,0.24306046145613702,1.0310958358407456
ER_n012_p030_r00,12,0.3,0,8,0.7562809348570764,2.1089620700700893
ER_n012_p030_r00,12,0.3,0,9,0.6220350789353446,1.8173570636918566
ER_n012_p030_r00,12,0.3,0,10,1e-06,0.0020000003333334833
ER_n012_p030_r00,12,0.3,0,11,0.24371967236736614,1.032631997888719
ER_n012_p030_r01,12,0.3,1,0,0.6716789976270995,1.921286259027716
ER_n012_p030_r01,12,0.3,1,1,1e-06,0.0020000003333334833
ER_n012_p030_r01,12,0.3,1,2,1e-06,0.0020000003333334833
ER_n012_p030_r01,12,0.3,1,3,0.7334289948664627,2.056530784220386
ER_n012_p030_r01,12,0.3,1,4,0.328320973946544,1.2203063340292464
ER_n012_p030_r01,12,0.3,1,5,0.999999,3.13959265325652
ER_n012_p030_r01,12,0.3,1,6,1e-06,0.0020000003333334833
ER_n012_p030_r01,12,0.3,1,7,1e-06,0.0020000003333334833
ER_n012_p030_r01,12,0.3,1,8,1e-06,0.0020000003333334833
ER_n012_p030_r01,12,0.3,1,9,1e-06,0.0020000003333334833
ER_n012_p030_r01,12,0.3,1,10,0.2665709463231055,1.0850617363641248
ER_n012_p030_r01,12,0.3,1,11,1e-06,0.0020000003333334833
ER_n012_p030_r02,12,0.3,2,0,1e-06,0.0020000003333334833
ER_n012_p030_r02,12,0.3,2,1,1e-06,0.0020000003333334833
ER_n012_p030_r02,12,0.3,2,2,1e-06,0.0020000003333334833
ER_n012_p030_r02,12,0.3,2,3,0.999999,3.13959265325652
ER_n012_p030_r02,12,0.3,2,4,1e-06,0.0020000003333334833
ER_n012_p030_r02,12,0.3,2,5,1e-06,0.0020000003333334833
ER_n012_p030_r02,12,0.3,2,6,1e-06,0.0020000003333334833
ER_n012_p030_r02,12,0.3,2,7,1e-06,0.0020000003333334833
ER_n012_p030_r02,12,0.3,2,8,0.999999,3.13959265325652
ER_n012_p030_r02,12,0.3,2,9,1e-06,0.0020000003333334833
ER_n012_p030_r02,12,0.3,2,10,0.999999,3.13959265325652
ER_n012_p030_r02,12,0.3,2,11,1e-06,0.0020000003333334833
ER_n012_p030_r03,12,0.3,3,0,0.3356955699594422,1.2359660676963649
ER_n012_p030_r03,12,0.3,3,1,0.37434237776580975,1.3167574542918958
ER_n012_p030_r03,12,0.3,3,2,0.30565596512470894,1.17158905418299
ER_n012_p030_r03,12,0.3,3,3,0.5057199633903116,1.5822365031177554
ER_n012_p030_r03,12,0.3,3,4,0.3200028529073621,1.202534549220742
ER_n012_p030_r03,12,0.3,3,5,0.31967693438969635,1.2018357745483705
ER_n012_p030_r03,12,0.3,3,6,1e-06,0.0020000003333334833
ER_n012_p030_r03,12,0.3,3,7,1e-06,0.0020000003333334833
ER_n012_p030_r03,12,0.3,3,8,0.3446276617887589,1.2548199315915107
ER_n012_p030_r03,12,0.3,3,9,1e-06,0.0020000003333334833
ER_n012_p030_r03,12,0.3,3,10,1e-06,0.0020000003333334833
ER_n012_p030_r03,12,0.3,3,11,0.4942804895613226,1.5593570564345856
ER_n012_p030_r04,12,0.3,4,0,1e-06,0.0020000003333334833
ER_n012_p030_r04,12,0.3,4,1,1e-06,0.0020000003333334833
ER_n012_p030_r04,12,0.3,4,2,0.999999,3.13959265325652
ER_n012_p030_r04,12,0.3,4,3,1e-06,0.0020000003333334833
ER_n012_p030_r04,12,0.3,4,4,1e-06,0.0020000003333334833
ER_n012_p030_r04,12,0.3,4,5,1e-06,0.0020000003333334833
ER_n012_p030_r04,12,0.3,4,6,1e-06,0.0020000003333334833
ER_n012_p030_r04,12,0.3,4,7,0.999999,3.13959265325652
ER_n012_p030_r04,12,0.3,4,8,0.999999,3.13959265325652
ER_n012_p030_r04,12,0.3,4,9,1e-06,0.0020000003333334833
ER_n012_p030_r04,12,0.3,4,10,0.999999,3.13959265325652
ER_n012_p030_r04,12,0.3,4,11,1e-06,0.0020000003333334833
ER_n012_p030_r05,12,0.3,5,0,3.102561691386877e-06,0.0035228198364502658
ER_n012_p030_r05,12,0.3,5,1,0.9999977983243434,3.1386250435936365
ER_n012_p030_r05,12,0.3,5,2,2.084529351928349e-06,0.0028875808562537826
ER_n012_p030_r05,12,0.3,5,3,3.265985455914749e-06,0.003614409501688821
ER_n012_p030_r05,12,0.3,5,4,0.9999972621971807,3.1382833906399465
ER_n012_p030_r05,12,0.3,5,5,2.781797127865123e-06,0.0033357456181993474
ER_n012_p030_r05,12,0.3,5,6,0.5000003955603699,1.5707971179156366
ER_n012_p030_r05,12,0.3,5,7,0.5000003955607409,1.5707971179163784
ER_n012_p030_r05,12,0.3,5,8,1e-06,0.0020000003333334833
ER_n012_p030_r05,12,0.3,5,9,1e-06,0.0020000003333334833
ER_n012_p030_r05,12,0.3,5,10,2.8436170416776535e-06,0.0033726071440757528
ER_n012_p030_r05,12,0.3,5,11,2.4807501835670033e-06,0.0031500807830552803
ER_n012_p030_r06,12,0.3,6,0,1e-06,0.0020000003333334833
ER_n012_p030_r06,12,0.3,6,1,0.5702798167499293,1.7118229639893905
ER_n012_p030_r06,12,0.3,6,2,1e-06,0.0020000003333334833
ER_n012_p030_r06,12,0.3,6,3,1e-06,0.0020000003333334833
ER_n012_p030_r06,12,0.3,6,4,1e-06,0.0020000003333334833
ER_n012_p030_r06,12,0.3,6,5,0.5702801560815034,1.7118236494577546
ER_n012_p030_r06,12,0.3,6,6,0.268938882389892,1.0904095216128455
ER_n012_p030_r06,12,0.3,6,7,0.4297201868528257,1.429769696878165
ER_n012_p030_r06,12,0.3,6,8,0.29094363630902065,1.139429592471348
ER_n012_p030_r06,12,0.3,6,9,0.13877571827496007,0.763459197494589
ER_n012_p030_r06,12,0.3,6,10,0.30150101515093786,1.1625526322865105
ER_n012_p030_r06,12,0.3,6,11,0.42955761557381594,1.4294412863453063
ER_n012_p030_r07,12,0.3,7,0,0.41970172559625124,1.4095013097649463
ER_n012_p030_r07,12,0.3,7,1,0.20452243049490573,0.9385539975563003
ER_n012_p030_r07,12,0.3,7,2,0.286429413609815,1.1294676925788012
ER_n012_p030_r07,12,0.3,7,3,1e-06,0.0020000003333334833
ER_n012_p030_r07,12,0.3,7,4,0.2938684503683359,1.145859640956652
ER_n012_p030_r07,12,0.3,7,5,1e-06,0.0020000003333334833
ER_n012_p030_r07,12,0.3,7,6,0.7848279206131472,2.176883377141602
ER_n012_p030_r07,12,0.3,7,7,0.5802980849449622,1.7320909599243086
ER_n012_p030_r07,12,0.3,7,8,0.21517201808349012,0.9647091272704112
ER_n012_p030_r07,12,0.3,7,9,1e-06,0.0020000003333334833
ER_n012_p030_r07,12,0.3,7,10,1e-06,0.0020000003333334833
ER_n012_p030_r07,12,0.3,7,11,0.21517204129573778,0.9647091837559207
ER_n012_p030_r08,12,0.3,8,0,0.08318746241185404,0.5851575524463924
ER_n012_p030_r08,12,0.3,8,1,0.6015257301353648,1.7752696267936017
ER_n012_p030_r08,12,0.3,8,2,0.2725133497802889,1.0984540953867592
ER_n012_p030_r08,12,0.3,8,3,0.26917643263554,1.0909451841259719
ER_n012_p030_r08,12,0.3,8,4,1e-06,0.0020000003333334833
ER_n012_p030_r08,12,0.3,8,5,1e-06,0.0020000003333334833
ER_n012_p030_r08,12,0.3,8,6,0.7308236164649067,2.050647580167147
ER_n012_p030_r08,12,0.3,8,7,0.12595753208660806,0.7256248196563632
ER_n012_p030_r08,12,0.3,8,8,1e-06,0.0020000003333334833
ER_n012_p030_r08,12,0.3,8,9,0.40267093265907783,1.3748874210341782
ER_n012_p030_r08,12,0.3,8,10,0.1259575053782404,0.7256247391613404
ER_n012_p030_r08,12,0.3,8,11,0.38818258007743234,1.3452541502192343
ER_n012_p030_r09,12,0.3,9,0,0.06916321219465177,0.5322379043971096
ER_n012_p030_r09,12,0.3,9,1,0.4204884450503708,1.4110952342573977
ER_n012_p030_r09,12,0.3,9,2,0.03901646771123628,0.39766683210239706
ER_n012_p030_r09,12,0.3,9,3,0.04020618577479384,0.40376673293274007
ER_n012_p030_r09,12,0.3,9,4,0.2621993142055199,1.0751487810975218
ER_n012_p030_r09,12,0.3,9,5,0.04020622347839381,0.4037669248647055
ER_n012_p030_r09,12,0.3,9,6,0.6975876351651811,1.9770549704102358
ER_n012_p030_r09,12,0.3,9,7,1e-06,0.0020000003333334833
ER_n012_p030_r09,12,0.3,9,8,1e-06,0.0020000003333334833
ER_n012_p030_r09,12,0.3,9,9,0.5392984656805305,1.6494744057356865
ER_n012_p030_r09,12,0.3,9,10,0.039016467711222046,0.39766683210232356
ER_n012_p030_r09,12,0.3,9,11,0.8528019831688668,2.3540714411243604
ER_n012_p050_r00,12,0.5,0,0,1e-06,0.0020000003333334833
ER_n012_p050_r00,12,0.5,0,1,0.3576576077497434,1.282118736438342
ER_n012_p050_r00,12,0.5,0,2,0.45105675500764764,1.4727528380278545
ER_n012_p050_r00,12,0.5,0,3,1e-06,0.0020000003333334833
ER_n012_p050_r00,12,0.5,0,4,0.4510566850911346,1.472752697520051
ER_n012_p050_r00,12,0.5,0,5,1e-06,0.0020000003333334833
ER_n012_p050_r00,12,0.5,0,6,0.5489432870338588,1.6688399000507017
ER_n012_p050_r00,12,0.5,0,7,1e-06,0.0020000003333334833
ER_n012_p050_r00,12,0.5,0,8,0.548943324958619,1.6688399762662416
ER_n012_p050_r00,12,0.5,0,9,1e-06,0.0020000003333334833
ER_n012_p050_r00,12,0.5,0,10,0.999999,3.13959265325652
ER_n012_p050_r00,12,0.5,0,11,0.642342528068509,1.859474200513139
ER_n012_p050_r01,12,0.5,1,0,1e-06,0.0020000003333334833
ER_n012_p050_r01,12,0.5,1,1,0.3991066672830572,1.3676145577193934
ER_n012_p050_r01,12,0.5,1,2,0.027358835621882925,0.3323374397428442
ER_n012_p050_r01,12,0.5,1,3,0.5978861655960543,1.7678412863236754
ER_n012_p050_r01,12,0.5,1,4,1e-06,0.0020000003333334833
ER_n012_p050_r01,12,0.5,1,5,0.2539479360830589,1.0562911728445323
ER_n012_p050_r01,12,0.5,1,6,0.708728948132718,2.001442314674456
ER_n012_p050_r01,12,0.5,1,7,0.29127101939195166,1.1401502674385808
ER_n012_p050_r01,12,0.5,1,8,0.253947936083147,1.0562911728447348
ER_n012_p050_r01,12,0.5,1,9,0.9726412089359283,2.8092554869954958
ER_n012_p050_r01,12,0.5,1,10,0.09300222264844066,0.6197984380599666
ER_n012_p050_r01,12,0.5,1,11,0.40211380932909674,1.3737513161268429
ER_n012_p050_r02,12,0.5,2,0,0.6253481231563258,1.824195728865286
ER_n012_p050_r02,12,0.5,2,1,0.095846173607186,0.6295243343991223
ER_n012_p050_r02,12,0.5,2,2,0.6969104744147966,1.9755811141933997
ER_n012_p050_r02,12,0.5,2,3,0.37465184403731017,1.31739685694737
ER_n012_p050_r02,12,0.5,2,4,0.3158337122813199,1.1935814643009066
ER_n012_p050_r02,12,0.5,2,5,0.41213809122125467,1.394155348263965
ER_n012_p050_r02,12,0.5,2,6,0.4651127236544597,1.5009650336097375
ER_n012_p050_r02,12,0.5,2,7,0.21905481915588307,0.9741270745594921
ER_n012_p050_r02,12,0.5,2,8,0.09774552802210126,0.6359480985919211
ER_n012_p050_r02,12,0.5,2,9,0.4201035102614058,1.410315392653181
ER_n012_p050_r02,12,0.5,2,10,0.070011981880746,0.5355736131493921
ER_n012_p050_r02,12,0.5,2,11,0.20724168129915846,0.9452791112396115
ER_n012_p050_r03,12,0.5,3,0,0.4924393325157128,1.555674415506122
ER_n012_p050_r03,12,0.5,3,1,0.34513578635209935,1.255888925594822
ER_n012_p050_r03,12,0.5,3,2,0.49244914711275695,1.5556940469418366
ER_n012_p050_r03,12,0.5,3,3,0.4924496018498782,1.5556949565197988
ER_n012_p050_r03,12,0.5,3,4,0.4924388650637461,1.5556734804952785
ER_n012_p050_r03,12,0.5,3,5,0.5365112882477153,1.6438839558476719
ER_n012_p050_r03,12,0.5,3,6,0.999999,3.13959265325652
ER_n012_p050_r03,12,0.5,3,7,0.34512747314138087,1.255871439235417
ER_n012_p050_r03,12,0.5,3,8,1e-06,0.0020000003333334833
ER_n012_p050_r03,12,0.5,3,9,1e-06,0.0020000003333334833
ER_n012_p050_r03,12,0.5,3,10,1e-06,0.0020000003333334833
ER_n012_p050_r03,12,0.5,3,11,1e-06,0.0020000003333334833
ER_n012_p050_r04,12,0.5,4,0,1e-06,0.0020000003333334833
ER_n012_p050_r04,12,0.5,4,1,0.4266267142258185,1.4235178979121317
ER_n012_p050_r04,12,0.5,4,2,0.4551673829556019,1.4810105066874504
ER_n012_p050_r04,12,0.5,4,3,0.24172298835087544,1.0279747610514531
ER_n012_p050_r04,12,0.5,4,4,0.417762754683655,1.4055711040901944
ER_n012_p050_r04,12,0.5,4,5,0.7111521250649829,2.006782194293135
ER_n012_p050_r04,12,0.5,4,6,0.009423865762347548,0.1944594408991132
ER_n012_p050_r04,12,0.5,4,7,0.5072738575354905,1.5853445550514906
ER_n012_p050_r04,12,0.5,4,8,0.2799814661965268,1.1151563749205073
ER_n012_p050_r04,12,0.5,4,9,0.22314181780419867,0.9839756765588985
ER_n012_p050_r04,12,0.5,4,10,0.5033513419739893,1.577499060931322
ER_n012_p050_r04,12,0.5,4,11,0.5341361531714522,1.6391217821234514
ER_n012_p050_r05,12,0.5,5,0,0.34513037810117314,1.2558775496621615
ER_n012_p050_r05,12,0.5,5,1,1e-06,0.0020000003333334833
ER_n012_p050_r05,12,0.5,5,2,0.49244558095144714,1.5556869138053895
ER_n012_p050_r05,12,0.5,5,3,1e-06,0.0020000003333334833
ER_n012_p050_r05,12,0.5,5,4,1e-06,0.0020000003333334833
ER_n012_p050_r05,12,0.5,5,5,0.999999,3.13959265325652
ER_n012_p050_r05,12,0.5,5,6,0.49244381009756233,1.5556833716932106
ER_n012_p050_r05,12,0.5,5,7,0.4924441108110345,1.5556839731888423
ER_n012_p050_r05,12,0.5,5,8,1e-06,0.0020000003333334833
ER_n012_p050_r05,12,0.5,5,9,0.3451294650420052,1.2558756290926008
ER_n012_p050_r05,12,0.5,5,10,0.4924437899751912,1.555683331443872
ER_n012_p050_r05,12,0.5,5,11,0.536511062132663,1.6438835024070186
ER_n012_p050_r06,12,0.5,6,0,1e-06,0.0020000003333334833
ER_n012_p050_r06,12,0.5,6,1,1e-06,0.0020000003333334833
ER_n012_p050_r06,12,0.5,6,2,1e-06,0.0020000003333334833
ER_n012_p050_r06,12,0.5,6,3,1e-06,0.0020000003333334833
ER_n012_p050_r06,12,0.5,6,4,0.999999,3.13959265325652
ER_n012_p050_r06,12,0.5,6,5,1e-06,0.0020000003333334833
ER_n012_p050_r06,12,0.5,6,6,0.999999,3.13959265325652
ER_n012_p050_r06,12,0.5,6,7,0.999999,3.13959265325652
ER_n012_p050_r06,12,0.5,6,8,1e-06,0.0020000003333334833
ER_n012_p050_r06,12,0.5,6,9,0.999999,3.13959265325652
ER_n012_p050_r06,12,0.5,6,10,0.999999,3.13959265325652
ER_n012_p050_r06,12,0.5,6,11,1e-06,0.0020000003333334833
ER_n012_p050_r07,12,0.5,7,0,0.5621325747203878,1.6953835327041737
ER_n012_p050_r07,12,0.5,7,1,0.14651160211886669,0.7855819736553069
ER_n012_p050_r07,12,0.5,7,2,0.09037898473591241,0.6107083343973704
ER_n012_p050_r07,12,0.5,7,3,0.0073208141841051705,0.17133299786514797
ER_n012_p050_r07,12,0.5,7,4,0.4122236471674149,1.3943291621324774
ER_n012_p050_r07,12,0.5,7,5,0.8461707163096922,2.335525263187433
ER_n012_p050_r07,12,0.5,7,6,0.5877763096997844,1.7472634038308796
ER_n012_p050_r07,12,0.5,7,7,0.34748660299207945,1.2608297628283331
ER_n012_p050_r07,12,0.5,7,8,0.7091574071907764,2.002385538471957
ER_n012_p050_r07,12,0.5,7,9,0.1079559238603118,0.6695707493820549
ER_n012_p050_r07,12,0.5,7,10,1e-06,0.0020000003333334833
ER_n012_p050_r07,12,0.5,7,11,0.18288450385109403,0.8837828635679764
ER_n012_p050_r08,12,0.5,8,0,1e-06,0.0020000003333334833
ER_n012_p050_r08,12,0.5,8,1,0.23804148796423394,1.0193531543716297
ER_n012_p050_r08,12,0.5,8,2,0.7058503955830484,1.9951158999870429
ER_n012_p050_r08,12,0.5,8,3,0.3550407243351571,1.2766545939075111
ER_n012_p050_r08,12,0.5,8,4,0.2941501517658027,1.146477954825718
ER_n012_p050_r08,12,0.5,8,5,0.1557764227409673,0.8114504654213603
ER_n012_p050_r08,12,0.5,8,6,0.2188112923145475,0.9735381671043056
ER_n012_p050_r08,12,0.5,8,7,0.5609982762681499,1.6930975398928279
ER_n012_p050_r08,12,0.5,8,8,0.22018928140510116,0.9768673858876477
ER_n012_p050_r08,12,0.5,8,9,0.7405293180243043,2.0726581793683625
ER_n012_p050_r08,12,0.5,8,10,0.25114126207952636,1.049831183860766
ER_n012_p050_r08,12,0.5,8,11,0.2594708971777438,1.0689349651644247
ER_n012_p050_r09,12,0.5,9,0,0.9999988421595258,3.1394405932551877
ER_n012_p050_r09,12,0.5,9,1,1e-06,0.0020000003333334833
ER_n012_p050_r09,12,0.5,9,2,1e-06,0.0020000003333334833
ER_n012_p050_r09,12,0.5,9,3,1e-06,0.0020000003333334833
ER_n012_p050_r09,12,0.5,9,4,0.999998807082997,3.13940823835705
ER_n012_p050_r09,12,0.5,9,5,1e-06,0.0020000003333334833
ER_n012_p050_r09,12,0.5,9,6,0.999998824220865,3.1394239861686595
ER_n012_p050_r09,12,0.5,9,7,0.9999987756764799,3.139379670065366
ER_n012_p050_r09,12,0.5,9,8,1e-06,0.0020000003333334833
ER_n012_p050_r09,12,0.5,9,9,1e-06,0.0020000003333334833
ER_n012_p050_r09,12,0.5,9,10,0.9999988215078354,3.1394214855838234
ER_n012_p050_r09,12,0.5,9,11,1e-06,0.0020000003333334833
ER_n012_p070_r00,12,0.7,0,0,0.4495731624589521,1.469770892793872
ER_n012_p070_r00,12,0.7,0,1,0.9404102744443373,2.648388868787938
ER_n012_p070_r00,12,0.7,0,2,0.4127632948027968,1.3954253763088815
ER_n012_p070_r00,12,0.7,0,3,0.05958964102997028,0.49320342773913795
ER_n012_p070_r00,12,0.7,0,4,0.43564874036844453,1.4417358206266309
ER_n012_p070_r00,12,0.7,0,5,0.15158681405935606,0.7998331759763968
ER_n012_p070_r00,12,0.7,0,6,0.28350147962188266,1.1229813042638659
ER_n012_p070_r00,12,0.7,0,7,0.7260969668620583,2.040019924993939
ER_n012_p070_r00,12,0.7,0,8,0.26693596555903315,1.0858870817631208
ER_n012_p070_r00,12,0.7,0,9,0.7098659864493804,2.003946328218044
ER_n012_p070_r00,12,0.7,0,10,0.29013394557688044,1.1376461755918037
ER_n012_p070_r00,12,0.7,0,11,0.27390296683564314,1.101572579922593
ER_n012_p070_r01,12,0.7,1,0,0.999999,3.13959265325652
ER_n012_p070_r01,12,0.7,1,1,1e-06,0.0020000003333334833
ER_n012_p070_r01,12,0.7,1,2,0.4709118689259549,1.5125871985250736
ER_n012_p070_r01,12,0.7,1,3,1e-06,0.0020000003333334833
ER_n012_p070_r01,12,0.7,1,4,0.23161229989913507,1.004185744784595
ER_n012_p070_r01,12,0.7,1,5,0.5290879503087191,1.629005092920718
ER_n012_p070_r01,12,0.7,1,6,0.999999,3.13959265325652
ER_n012_p070_r01,12,0.7,1,7,1e-06,0.0020000003333334833
ER_n012_p070_r01,12,0.7,1,8,0.999999,3.13959265325652
ER_n012_p070_r01,12,0.7,1,9,0.6269678099919647,1.827543419182685
ER_n012_p070_r01,12,0.7,1,10,0.37303201434023986,1.3140488711648266
ER_n012_p070_r01,12,0.7,1,11,0.768387591594392,2.137406651597123
ER_n012_p070_r02,12,0.7,2,0,0.4739489588579995,1.5186706427149481
ER_n012_p070_r02,12,0.7,2,1,0.999999,3.13959265325652
ER_n012_p070_r02,12,0.7,2,2,0.47394816965094794,1.518669062154005
ER_n012_p070_r02,12,0.7,2,3,0.4739516470065436,1.5186760263234915
ER_n012_p070_r02,12,0.7,2,4,0.47395244162620787,1.5186776177238048
ER_n012_p070_r02,12,0.7,2,5,0.999999,3.13959265325652
ER_n012_p070_r02,12,0.7,2,6,0.473953727099156,1.5186801921652917
ER_n012_p070_r02,12,0.7,2,7,1e-06,0.0020000003333334833
ER_n012_p070_r02,12,0.7,2,8,1e-06,0.0020000003333334833
ER_n012_p070_r02,12,0.7,2,9,0.47395320495686355,1.5186791464608853
ER_n012_p070_r02,12,0.7,2,10,1e-06,0.0020000003333334833
ER_n012_p070_r02,12,0.7,2,11,0.4739501370670019,1.5186730023377322
ER_n012_p070_r03,12,0.7,3,0,0.3754234562271786,1.318990660437152
ER_n012_p070_r03,12,0.7,3,1,0.6065210974532362,1.785483910866186
ER_n012_p070_r03,12,0.7,3,2,0.31923441892650944,1.2008867117239623
ER_n012_p070_r03,12,0.7,3,3,0.999999,3.13959265325652
ER_n012_p070_r03,12,0.7,3,4,1e-06,0.0020000003333334833
ER_n012_p070_r03,12,0.7,3,5,0.3934790298693273,1.3561090033519727
ER_n012_p070_r03,12,0.7,3,6,0.3400644349220827,1.2452028586033324
ER_n012_p070_r03,12,0.7,3,7,0.3407015414016721,1.2465474248932478
ER_n012_p070_r03,12,0.7,3,8,0.6245765042384562,1.8226019115092138
ER_n012_p070_r03,12,0.7,3,9,0.999999,3.13959265325652
ER_n012_p070_r03,12,0.7,3,10,0.999999,3.13959265325652
ER_n012_p070_r03,12,0.7,3,11,1e-06,0.0020000003333334833
ER_n012_p070_r04,12,0.7,4,0,0.3451326209754066,1.2558822674192078
ER_n012_p070_r04,12,0.7,4,1,1e-06,0.0020000003333334833
ER_n012_p070_r04,12,0.7,4,2,0.7310832169912342,2.051232972444856
ER_n012_p070_r04,12,0.7,4,3,0.49244318939171616,1.555682130139723
ER_n012_p070_r04,12,0.7,4,4,0.3451338105728216,1.2558847696660587
ER_n012_p070_r04,12,0.7,4,5,0.49244355903487097,1.5556828695104774
ER_n012_p070_r04,12,0.7,4,6,0.09301644215587695,0.619847395632972
ER_n012_p070_r04,12,0.7,4,7,0.49244187275613605,1.555679496567711
ER_n012_p070_r04,12,0.7,4,8,0.2689167446647634,1.0903595946670457
ER_n012_p070_r04,12,0.7,4,9,0.4924448678388278,1.5556854874173203
ER_n012_p070_r04,12,0.7,4,10,0.90698351251293,2.5217451018875034
ER_n012_p070_r04,12,0.7,4,11,0.5365094985594379,1.6438803668901039
ER_n012_p070_r05,12,0.7,5,0,0.08002425688439183,0.5736025102978783
ER_n012_p070_r05,12,0.7,5,1,0.38043595485490583,1.3293285365240504
ER_n012_p070_r05,12,0.7,5,2,0.4685283424855767,1.5078113753824907
ER_n012_p070_r05,12,0.7,5,3,0.45144712534538856,1.473537316051743
ER_n012_p070_r05,12,0.7,5,4,0.38055201508497555,1.3295675854335272
ER_n012_p070_r05,12,0.7,5,5,0.6047449561812271,1.7818495944586996
ER_n012_p070_r05,12,0.7,5,6,0.6043363212470146,1.7810138532333062
ER_n012_p070_r05,12,0.7,5,7,0.21421858640150288,0.9623871420586715
ER_n012_p070_r05,12,0.7,5,8,0.6048677929052417,1.7821008496718953
ER_n012_p070_r05,12,0.7,5,9,0.6044601667950426,1.7812671267020344
ER_n012_p070_r05,12,0.7,5,10,0.38084552158235163,1.3301720571986375
ER_n012_p070_r05,12,0.7,5,11,0.38096726694809074,1.3304227634419048
ER_n012_p070_r06,12,0.7,6,0,2.8340923110618472e-06,0.0033669541062661588
ER_n012_p070_r06,12,0.7,6,1,0.9999973847296376,3.1383582926685554
ER_n012_p070_r06,12,0.7,6,2,0.999997149617207,3.138216036643067
ER_n012_p070_r06,12,0.7,6,3,0.5296700633762234,1.6301713340893151
ER_n012_p070_r06,12,0.7,6,4,3.2551451162607567e-06,0.003608406101456319
ER_n012_p070_r06,12,0.7,6,5,2.7056688751047425e-06,0.0032897849870913757
ER_n012_p070_r06,12,0.7,6,6,2.868784887345656e-06,0.0033874991546323746
ER_n012_p070_r06,12,0.7,6,7,1e-06,0.0020000003333334833
ER_n012_p070_r06,12,0.7,6,8,0.4703312846156957,1.5114240202432894
ER_n012_p070_r06,12,0.7,6,9,0.999999,3.13959265325652
ER_n012_p070_r06,12,0.7,6,10,3.028833917648653e-06,0.0034807108329182185
ER_n012_p070_r06,12,0.7,6,11,0.9999973482405015,3.1383358073591188
ER_n012_p070_r07,12,0.7,7,0,0.33991466430777484,1.2448866902310127
ER_n012_p070_r07,12,0.7,7,1,0.7837582010593932,2.1742826248616884
ER_n012_p070_r07,12,0.7,7,2,0.07890085056507355,0.5694487880720576
ER_n012_p070_r07,12,0.7,7,3,0.03353399591689831,0.3683242643442618
ER_n012_p070_r07,12,0.7,7,4,0.782500917700576,2.1712318048606747
ER_n012_p070_r07,12,0.7,7,5,0.32016977963335,1.2028923698982865
ER_n012_p070_r07,12,0.7,7,6,0.999999,3.13959265325652
ER_n012_p070_r07,12,0.7,7,7,0.14902687068065185,0.7926698697186728
ER_n012_p070_r07,12,0.7,7,8,0.06721860721965756,0.5245232719911994
ER_n012_p070_r07,12,0.7,7,9,0.3399146643072804,1.244886690229969
ER_n012_p070_r07,12,0.7,7,10,0.9664659356743572,2.77326800925265
ER_n012_p070_r07,12,0.7,7,11,0.13859605027644276,0.7629393525338197
ER_n012_p070_r08,12,0.7,8,0,0.5163882712140359,1.6035787407112907
ER_n012_p070_r08,12,0.7,8,1,0.3485557602950019,1.2630742759252724
ER_n012_p070_r08,12,0.7,8,2,0.999999,3.13959265325652
ER_n012_p070_r08,12,0.7,8,3,0.999999,3.13959265325652
ER_n012_p070_r08,12,0.7,8,4,0.4836118732613615,1.5380142019846315
ER_n012_p070_r08,12,0.7,8,5,0.999999,3.13959265325652
ER_n012_p070_r08,12,0.7,8,6,1e-06,0.0020000003333334833
ER_n012_p070_r08,12,0.7,8,7,0.999999,3.13959265325652
ER_n012_p070_r08,12,0.7,8,8,0.3208645529569295,1.204381142271182
ER_n012_p070_r08,12,0.7,8,9,1e-06,0.0020000003333334833
ER_n012_p070_r08,12,0.7,8,10,1e-06,0.0020000003333334833
ER_n012_p070_r08,12,0.7,8,11,0.3305835816283281,1.2251202525937233
ER_n012_p070_r09,12,0.7,9,0,0.6443260169958291,1.8636149708181418
ER_n012_p070_r09,12,0.7,9,1,0.999999,3.13959265325652
ER_n012_p070_r09,12,0.7,9,2,0.35567389175738634,1.2779774921647162
ER_n012_p070_r09,12,0.7,9,3,0.999999,3.13959265325652
ER_n012_p070_r09,12,0.7,9,4,0.5000000538935576,1.570796434582012
ER_n012_p070_r09,12,0.7,9,5,0.8135974216664327,2.2487426849681156
ER_n012_p070_r09,12,0.7,9,6,0.18640250337455805,0.892849776138344
ER_n012_p070_r09,12,0.7,9,7,1e-06,0.0020000003333334833
ER_n012_p070_r09,12,0.7,9,8,1e-06,0.0020000003333334833
ER_n012_p070_r09,12,0.7,9,9,1e-06,0.0020000003333334833
ER_n012_p070_r09,12,0.7,9,10,0.5000000538936226,1.5707964345821417
ER_n012_p070_r09,12,0.7,9,11,1e-06,0.0020000003333334833
